mins,name,tweet,lat,lon
26,JodieGale, Yes  mufc  1-0 ,-3.0014548,51.6041799
26,iamthekev, Great  preadatory  instincts  from  Kagawa  to  ignite  the  counter  mufc  UCL ,-76.61375083,39.10568561
26,Stevo1969, Cmon  lets  bang  another  in  mufc ,-2.76128415,53.45041363
26,ChrisHilton83, Kagawa  should  be  one  of  the  first  names  on  mufc  team  sheet ,-1.53167717,53.59663397
26,robaux, MUFCLondon  Outstanding  football  -  all  started  with  a  world  class  block  from  Evans.yep  hes  solid.  Giggs  amp  kagawa  working  well  mufc ,-0.3978244,51.3668383
26,vatsalbecks, mufc  giggsy  is  playing  well  nice  long  balls  Apart  from  the  one  almost  given  away ,72.5017242,23.0428666
27,harshitch14, 40  years  young  giggs  playing  better  than  Cleve  and  fellaini  in  mid  mufc ,72.83509131,21.22848005
30,JodieGale, Yes  mufc  2-0 ,-3.0014555,51.6041805
31,scopht, Who  puts  againn02  mufc ,20.8545691,42.876294
31,Stevo1969, Superb  goal.  2-0  mufc ,-2.7612393,53.45037392
31,rajbasi, thats  classic  red  devil  football  mufc  gloryglory  ucl ,-123.38093194,48.52812206
31,JacB0bby, mufc  goal.......  2-0  valencia  nd  smalling ,-0.2888233,6.1434388
31,SamHayder, Rooney  with  2  assists.  mufc ,-79.66218668,43.54607702
31,ChokshiYash, Smallling  ...  mufc  ggmu  ucl ,72.81067997,18.96534802
31,shomac28, Thank  you  v  much.  mufc ,-2.95767041,56.47375298
31,dermod22, ManUtd  0-2  mufc ,11.15362756,60.16417568
31,webby19utd, Its  two  mufc  UCL ,-3.0297408,53.82893694
31,andytideswell, Get  the  f  in  mufc ,-2.20694953,53.06239219
31,RasmusJohnsson, Easy  Goal  Smalling  mufc  manutd  Rooney2assists ,15.90121983,56.73380205
31,crstig, mufc  looking  sharp  tonight. ,-1.5291415,52.40203652
31,barratt123, This  is  what  we  want  Best  we  have  played  in  Europe  this  season  this  mufc ,-2.31280687,53.49362411
31,joshuaeaves, Beautiful  by  Rooney  2-0  mufc ,-84.68441676,37.99220016
31,gilnaasingil, Dese  boys  are  PLAYING...  mufc ,7.0353328,4.8686926
31,OEidslott, Valencia  and  Smalling  mufc ,10.76459324,59.91236201
31,Yukon164, dublin  drunk  on  Guinness  watching  mufc  on  the  ChampionsLeague  -  good  times  as  long  as  we  keep  winning ,-6.2618477,53.34552364
31,matthewvennard, That  was  a  magnificent  ball  into  the  box.  mufc  rooney  ChampionsLeague ,-1.9597863,53.4429279
31,Jamie2jay, Get  in  now  lets  not  sit  back  and  keep  playing  the  way  we  are  mufc ,-6.09300681,53.52549926
31,sary7, mufc ,-0.8125947,52.0177166
31,MrSupermayne, Wayne  Rooney  is  amazing  mufc ,36.8807204,-1.3263798
31,harshitch14, Own  goal  mufc ,72.83508867,21.22847909
31,Mikec81united, 2-0  up  good  times  mufc ,-0.34948691,51.58140439
31,taku305, United  united  united  united  united  united  united  united  mufc  for  life ,28.4030501,-15.371819
31,iammayankkar, rahziAriaM  need  to  score  more.  Cant  do  with  1  goal.  See  what  happened  last  week.  Come  on  utd.  mufc ,77.02891,28.44743
31,KershDGAF, 2-0  smashing  it  mufc ,-2.02992908,53.51235505
31,Centronix, United  we  stand  mufc ,28.21373949,-26.05920938
31,diiojuliansyah, Two-nil  mufc ,110.412313,-7.751357
32,caolanh6, Loving  this.  mufc ,-5.92517372,54.36077633
32,HamoodiZaher, Today  mufc ,55.3877062,25.3522356
32,Ricool7, Smalling  Who  is  hiding  in  the  body  of  Smalling  mufc ,35.0501822,-15.7773219
32,robaux, Rooneys  set  piece  delivery  has  been  unbelievable  this  season  mufc  kagawa  amp  giggs  have  been  awesome  BusbyMUFC  ManUnitedTalk  MadihaSosan1 ,-0.3978077,51.3668533
32,Stevo1969, Shinji  playin  like  a  demon  mufc ,-2.76137584,53.45023802
32,vatsalbecks, United  look  to  score  in  every  attack  mufc ,72.5017242,23.0428666
32,garvie1, Best  performance  of  the  season  so  far...at  last  kagawa  playing  where  he  should  be  mufc ,-0.2463281,51.5063934
32,webby19utd, 0-2  and  2  Rooney  assists  31  on  the  clock  mufc  UCL ,-3.0297061,53.82924592
32,dazmacm8, like  a  totally  different  team  in  europe  mufc ,-5.47045305,56.42064661
32,UilleamIslesFM, Glory  glory  Man  Utd  mufc  UCL ,-6.37571147,58.21249304
33,HamoodiZaher, Rooney  3  passes  2  assists  absolute  beast  mufc ,55.3875807,25.3522559
33,xemmax88, United  is  on  fire  mufc ,-2.44209877,50.56519762
33,Nicktosh1, WayneRooney  with  another  assist  2-0  to  mufc ,-1.5682409,54.51903477
33,Stilly1985, allend82  dannunzio19  dumps10  dont  know  why  kagawa  isnt  in  the  England  squad  mufc ,-0.30659356,51.75249098
33,matcla7, Who  has  taken  my  beloved  United  and  replaced  them  with  a  free  flowing  attacking  team  Its  actually  good  to  watch  rubs  eyes  mufc ,-2.16972196,53.39636666
34,MagicBeard87, 2-0  mufc  UCL  stressfree ,-3.2948653,57.7115806
34,hannahbone97, Woooo  mufc ,-1.38891435,53.78660074
34,Jonnymc5, Kagawa  is  absolutely  bossing  this  game  mufc ,-0.50302694,53.24270232
34,Japperz26, Rooney  s  delivery  there  onaplate  mufc ,-2.2767706,53.444014
34,gilnaasingil, Ba  down  yer  Leverkusen  to  go  ...  mufc ,7.0353328,4.8686926
34,Johnty1974, kenwhiteside17  abriggs21.  This  is  a  tasty  performance  Im  pleasantly  surprised  mufc ,0,0
34,SeeratAsghar, Why  cant  we  always  play  this  way  Kagawa  looks  great  in  the  hole  mufc ,-2.47769411,53.75621378
35,Takhar77, If  you  still  arent  convinced  that  Evans  is  currently  the  best  center  back  at  the  club......  mufc ,-79.68009373,43.78208058
35,martingoodman, Without  Fellaini  amp  Anderson  our  midfield  is  totally  knickerkess  mufc  UCL ,-2.27126991,53.54022908
35,harshitch14, And  that  madarchod  tensports  pundit  prediction  was  2-0  for  Bayern  Leverkusen  mufc ,72.83508867,21.22847909
35,vatsalbecks, Ruthless  united  mufc ,72.5017242,23.0428666
38,Thegreatflood10, To  all  those  mufc  fans  who  had  us  losing  cos  of  our  midfield  please  fuck  off  and  support  someone  else  thanks ,-2.14534367,53.38553597
38,iammayankkar, Yessss  2-0  up  mufc  ggmu  ManUtd ,77.02891,28.44743
38,martingoodman, martingoodman  Without  Fellaini  amp  Anderson  our  midfield  is  totally  knickerless  mufc  UCL ,-2.27114542,53.54020579
39,MohSeif, The  Manchester  United  Supporters  Club  in  egypt  is  in  full  flow.  Exciting  times.  mufc  Golios  httpt.coOun1p45EYh ,31.20846309,30.05019842
39,Redf0xy, Decent  mufc ,-2.2793824,53.5347918
39,donniecious21, So  far  United  defence  is  very  solid  mufc ,112.57760946,-8.1330771
40,burrows2909, SkySportsNews  why  do  you  always  have  scouser  on  when  mufc  are  playing  souness  is  full  of  shit ,-2.92617,51.59051
40,SoSInsane, It  would  have  been  devastating  to  see  Rooney  in  another  other  shirt  than  Red.  He  is  a  Red  forever  mufc ,72.844284,19.01266968
41,LiamSkelly, Now  Moyes  stay  positive  keep  attacking  mufc  ChampionsLeague ,-7.08033206,55.16921109
41,UelSpark, Rooney  amp  kagawa  shd  play  together  more  often  SSFootball  mufc ,32.62734691,0.26997384
41,513boy4life, What  a  performance...  mufc ,-84.55754354,39.36903077
42,KaneBryan, Travelling  reds  on  form  mufc ,-0.70680729,52.50224079
42,JamesHigh10, United  fans  sound  class  like  always  mufc ,-2.62522477,50.94564398
43,Mawganp, kagawa  playmaker.  ..  ManUtd  mufc ,-1.7928176,51.0556698
45,Gavmundo, Great  scoreline  but  heres  hoping  dont  do  what  theyve  been  doing  all  season  and  try  to  defend  the  lead  mufc ,-2.80192292,53.70285709
46,Champion13249, Hoping  that  7AntoV  is  back  to  his  besthappens  to  be  a  World  Cup  year  and  Ecuador  have  qualified.  Coincidence  I  think  not  mufc ,-2.17850762,53.4217285
46,samhassall1980, Kagawa  showing  why  he  should  start  and  Ryan  Giggs  is  just  superb  mufc ,-2.98874287,53.06874468
47,OmarSBhatti, Missing  mufc  game  gutted ,74.5743085,32.4450935
47,Stevo1969, Same  again  second  half  please  mufc ,-2.76128707,53.45041437
47,ariesnand, Keep  focus  lads  mufc ,114.5774708,-3.31995595
47,suhailhanfi, No  Vidic.  No  Carrick.  No  RVP.  No  Problems.  mufc ,77.2856154,28.5567282
48,Gavmundo, Good  performance  so  far  but  still  look  a  little  shaky  at  the  back  at  times.  We  need  to  keep  pushing  up  the  wings  mufc ,-2.80186496,53.70291061
48,utkarshvmehta, Good  game  so  far  mufc ,72.8560474,19.1239438
48,vatsalbecks, United  united  united  mufc ,72.5017242,23.0428666
48,RobbyNugrahaaaa, HT  Leverkusen  0-2  United  mufc  UCL ,103.97744,1.11332
48,nephilimism, Best  half  Ive  seen  United  play  this  season.  Giggs  passing  colossal  shock  horror.  Keep  Shinji  in  that  hole  mufc ,-6.437326,53.398195
48,jonholli, mufc  look  class  tonite  ecl ,-1.2387529,52.780002
48,PaulDavid28, Great  first  half  Nanis  still  turd  though  mufc ,-2.11047402,53.45951964
48,BScanlanWWFC, Is  that  Viva  Ronaldo  I  hear  mufc ,-0.17040006,51.93334412
48,SSaadMengal, No  Vidic  No  Persie  No  Carrick  -  No  Problem  Manchester  United  2  nil  up  against  2nd  best  in  Germany.  mufc  manutd  joefooty ,67.0638786,24.8689118
48,Sayyidsophian, Half  time.  United  2  v  0  Leverkusen.  mufc  UnitedDay ,107.03709892,-6.24322998
49,VinceChepkwony, Kagawa  Rooney  Valencia  Nani  and  Giggs  have  been  awesome  mufc ,36.8008791,-1.3200429
49,tammyamies, mufc  no  carrick..no  vidic  ..no  rvp..  no  problems ,7.0455289,4.8457213
49,hellodanprice, 2-0  half  time  makes  for  good  reading.  Played  really  well  too.  Grab  a  few  goals  2nd  half  mufc ,-0.7305569,51.62526847
50,RandykaP, ChampionsLeague  ManUtd  WayneRooney  Sahic  own  goal  v  bayer04fussball  mufc  UCL ,112.7201555,-7.4727633
51,SamHayder, We  shouldve  been  playing  like  this  from  the  beginning  of  the  season.  We  wouldve  on  top  of  the  table.  mufc ,-79.6621032,43.54608534
51,abekivuva, Kagawa  comes  into  the  team  and  in  his  preferred  no.10  role  and  we  are  leading  2-0  away  in  Europe  Moyes  food  for  thought  ggmu  mufc ,36.8035969,-1.3155564
51,chaos07, Kagawa  having  a  great  game  mufc ,-2.20280314,53.45467979
52,2footshaft, Jonathon  Trott  is  in  better  shape  than  this  Leverkusen  team.  mufc ,-2.12293114,53.36907333
52,stevecoldwelll, Well  happy  with  that  More  or  the  same  will  do  nicely  mufc ,-4.1804931,50.3969589
52,135mitchell, Play  kagawa  in  the  right  position  and  he  can  produce  magic.  I  hope  fucking  moyes  is  taking  a  few  notes  mufc  kagawa ,-1.5916972,52.8009585
52,kimmarius, Planke.  mufc  httpt.coSfniGUXvDh ,7.00073332,51.03733981
53,riqnzioki, missiewa  MUFC  game  is  on  or  is  it  the  fallen  giants  game.the  ultimate  champions  mufc ,39.70578553,-4.00310263
54,Stoner4, Here  goes  this  prick  souness  again  Fuck  of  u  Scouse  twat  mufc ,-2.66879237,51.49335424
54,2footshaft, Hey  Howard  Foster  Youre  needed  in  Germany  GoodLittleEarner  Bayer  mufc ,-2.12293114,53.36907333
55,LaurenWil, Hahahaha  schmeichel  shooting  down  Jamie  carragher  brilliant  mufc  number10 ,-2.8615082,57.70070392
56,robaux, Haha  Carragher  got  owned  by  Pschmeichel1  then  look  at  the  left  back  he  didnt  know  where  valencia  was  that  was  the  no  10  Jamie  mufc ,-0.39779033,51.36694499
56,WGee, Striker  Stefan  Kiessling  admits  Bayer04fussball  had  too  much  respect  for  mufc  and  a  bit  of  fear  when  the  sides  met  in  September.haha ,-0.1232169,5.8047581
57,AlJonayd, Good  1st  half  performance  by  the  mufc  lads.  Keep  the  dice  rolling  BAYMUN ,4.5482346,7.7586706
61,LindyLoo28, Enjoyed  the  first  half  good  attacking  football.  The  odd  dodgy  defensive  moment  but  you  cant  have  everything.  Keep  it  up  mufc ,-2.1263917,53.395374
61,aizonU, What  time  is  the  Liverpool  match  tonight...lol  mufc ,28.20407657,-25.75167657
62,fajrinlana, Kick  off  babak  kedua  mufc ,103.56224,-1.62806
62,ruskay7, joefooty  a  40  yr  old  and  a  center  back  playing  midfield.  We  may  get  away  with  it  tonightbut  we  surely  need  to  buy  .  mufc ,80.20162195,13.08287727
63,taku305, Okay  nani  needs  to  convince  me  once  again  in  an  mufc  jersey ,28.3968403,-15.3708812
66,UtdIndonesiaCJR, Hello  2nd  half  is  underway.  Come  on  you  reds  mufc ,107.0404245,-6.7531726
67,steviecassidy, Super  awaydayreds  united  fans  have  been  exceptional  again  tonight  mufc ,-6.29852761,54.50545372
67,2footshaft, This  is  the  worst  Nani  display  since  Louise  Woodward.  mufc ,-2.12265378,53.36886332
68,Stevo1969, Cant  watch  when  united  defending  set  pieces  mufc ,-2.76127995,53.45041655
69,benwalkdawg, Valencia  is  playing  class  tonight  mufc ,-2.08461796,53.70508706
70,RedPricey, Dont  sit  back  mufc ,-2.07997329,53.39656121
71,chrisjennouk, giggs  has  been  magnificent  tonight  Cant  believe  he  is  nearly  40.  mufc  legend ,-0.44905669,53.74993137
72,philfrichards, Thems  proper  fans  them  mufc ,-3.1484291,55.9542656
74,twomey2, Where  is  Nanis  confidence  gone  ..  bad  last  year  a  shadow  of  THAT  player  now  mufc ,-9.42849011,51.91287326
75,Tariq89, Nani  haters  have  to  say  hes  playing  well  tonight  mufc  just  need  consistency ,-2.4828036,53.7466532
76,AnthonyPoole, Im  torn.  Who  looks  more  like  Michael  Jackson  in  his  heyday  Valencia  or  Nani  mufc  ChampionsLeague ,-1.38370919,53.35783417
77,RyanMac92, 40  on  Friday  and  still  bossing  things  in  a  Champions  league  tie.  One  of  a  kind  is  Giggsy.  mufc ,-4.1166889,50.3762057
78,RedPricey, BusbyMUFC  best  counter  attacking  flashes  in  years  Fast  fluid  Direct  mufc ,-2.07996731,53.39657609
82,NIMUFCsupporter, Go  on  Jonny  son  mufc ,-5.89558892,54.67779768
82,RedPricey, Loving  the  1980s  Ray  Wilkins  style  number  4  on  the  shirts  tonight  mufc ,-2.07996298,53.3965758
82,williamlukeee, Go  Jonny  go  go  mufc ,-4.69550807,54.21919293
82,L4T1F786, YES  COME  EVANS  3-0  mufc  UCL ,-0.43614131,51.90404186
82,thomaspdoherty, And  thatll  do  mufc ,-1.52629901,53.32515677
82,adhysevgii, Golll  mufc ,119.424257,-5.1560245
82,BROMID12, GOAL  3-0  mufc ,-77.23051329,38.71555212
82,AmanDhesi, Game  over  now  united  have  done  well  today  want  to  see  Kagawa  on  the  score  sheet  mufc ,-2.14311057,52.59885225
83,MurderousGeko, Rooney  has  been  magnificent  mufc ,-1.94948718,52.68552618
83,leetje, 3-0  get  in  mufc ,4.8056386,52.4471175
83,SoSInsane, Jonny  Jonny  Jonny  Evannssssas  mufc ,72.8438854,19.00861094
83,scottgrassick, Keeper  gave  johnny  evans  an  early  christmas  present  there  mufc ,0.18488884,51.53226848
83,abmeko7, Evans  Goal  Game  over  Lev  0-3  mufc  UCL ,38.7126878,9.0580997
83,Japperz26, Another  goal  this  is  a  good  feeling  mufc ,-2.2767667,53.4439952
83,MylaporeMama, 3-0  and  game  over.  mufc ,80.2680427,13.0283093
83,seansb7, Thats  my  united  next  stop  last16  mufc  UCL ,-4.62978208,36.53160155
83,natalie17, Where  was  this  united  on  Sunday  ManUtd  loving  it  lads  mufc ,-2.22083545,53.41603975
83,JudropTurner, Woo  woo  mufc ,-2.27477081,53.54186061
83,xhemajlrexha, 3  up.  mufc ,21.1605736,42.6578948
83,scopht, Who  Evanssss  mufc ,20.8545691,42.876294
83,robaux, Glad  Evans  got  a  goal  hes  been  superb  tonight.  Another  great  champions  league  performance  mufc  sipearse33  Premps101  kagawagiggs  class ,-0.3978081,51.3668396
83,AkRunley, On  to  the  round  of  16  we  go  mufc ,-0.4435369,51.8835989
83,mariomandagi, mufc ,124.8334331,1.3512766
84,MarronHanson17, mufc  doing  their  thing ,-0.8744505,52.2496399
84,chrisaj9, Where  are  the  haters  at  now  mufc ,-1.9566371,52.546482
84,WamorenaC, I  called  this  starting  XI  before  the  game.  mufc ,-63.57456853,44.64189229
84,peelypops, Not  been  beat  at  home  since  March  bayer  so  with  a  few  key  players  missing  theyve  surprised  a  lot  of  us  including  me  self  mufc ,-2.7593915,53.76289909
84,masingasboniso, Goal  Evans  Man  U  3-0  LEV  MasingaScore  UCL  UEFA  mufc  67min  gone ,0,0
85,ruskay7, How  fast  is  ValenciaWow  mufc ,80.20162195,13.08312419
85,oliverhare, SimmoMUFC  ManUtd  are  bossing  it  tonight  mufc ,-0.65580092,53.85951867
85,RobbyNugrahaaaa, Evaaaans  3-0  Leverkusen  mufc  UCL ,103.97887,1.11213
85,RickySamuelR, Jebrettt  ahaaayyyy  evanss  u  rock  3-0  for  mufc ,106.85274438,-6.32589208
86,AFH789, Evra  off  buttner  on  mufc ,106.8237623,-6.2381943
87,JakeFowles, Funny  how  playing  a  creative  player  behind  the  forward  and  two  actual  wingers  has  meant  we  have  created  more  chances...  mufc ,-2.5927987,53.3705753
87,1LittleT, Great  game  good  to  see  the  team  fighting  for  every  ball  mufc ,-2.36905576,53.44838465
89,craigwinter, Im  sick  of  hearing  about  mufc  I  would  rather  watch  slug  racing ,-1.32046426,53.59006793
90,KAAlSaie, Giggs  is  tearing  everyone  in  this  game  incredible  legend  mufc ,50.6101908,26.2606025
91,eppymike, Can  we  move  to  Germany  mufc ,-3.03625147,52.89518563
91,JoeGillespie94, Great  performance  from  United  this  evening  so  far.  Only  player  who  had  disappointed  is  Nani  mufc ,1.06095412,51.29003576
91,gmabey, people  saying  kagawa  finally  playing  well  hes  just  finally  getting  played  in  his  position  wasted  out  wide  mufc ,-3.20414392,51.47957636
92,AmanDhesi, Uniteds  best  home  and  away  performance  has  been  against  Leverkusen  think  we  need  to  move  to  the  Bundesliga  mufc ,-2.14322049,52.5989235
93,paulbowyer7, That  is  a  class  team  goal  mufc ,-2.47397859,53.10118045
93,eppymike, 4  again  mufc ,-3.0362566,52.89518348
93,BROMID12, Annnnnnnd  goal  lol  4-0  mufc ,-77.23022531,38.71562135
93,louggas, Goooaaallll  Smallingggggg  mufc ,-0.09566714,5.63888851
94,FeZ14, Ruthless  United  Fucking  love  it  mufc ,26.2052436,-29.0902414
94,danielenver, Semua  rooney  assists  mufc ,100.40542801,5.38087817
94,Redf0xy, Much  more  like  the  United  we  know.  Top  performance  mufc ,-2.2793634,53.5347687
94,scopht, Oh  Rooneyyyy  mufc ,20.8545703,42.8762934
94,NatChappy, 4-0  smalling  mufc ,-2.32344447,53.70637237
94,RedPricey, Kagawa  has  surely  proves  hes  the  best  No  10  we  have  Quality  mufc ,-2.07997081,53.39657592
94,stephenwild15, What  a  performance  from  united  cant  fault  then  at  all  mufc ,-2.13832851,53.39214462
94,thomaspdoherty, Demolition  job  from  mufc  wonderful  stuff ,-1.52627776,53.32516487
94,Centronix, We  came.  We  saw.  We  conquered.  mufc ,28.21377112,-26.05921328
94,ffcbytheriver, Cant  be  too  bad  when  Evans  and  Smalling  are  scoring  in  the  same  match.  Confidence  etc  mufc ,-0.01883353,51.78172739
94,RoyBoy87, AVB  are  you  WATCHING  mufc  cominggood ,-0.26374663,51.66597454
94,Breezy4sure, GGMU  mufc  We  up  all  night  to  murder  BayerLeverkusen ,27.45419067,-21.407538
94,L4T1F786, Yes  get  in  4-0  great  team  goal  mufc ,-0.4362624,51.90408363
94,AmanDhesi, Really  enjoyed  that  goal  I  have  noticed  there  are  less  tweets  about  united  today  mufc ,-2.14316937,52.5988736
94,nephilimism, 4  assists  for  Rooney  Also  ShinjiInTheHole  mufc ,-6.437332,53.39819
94,javidismael, thankyou  moyes  for  playing  kagawa  in  CM  mufc  UCL ,-1.0925995,52.6311107
94,Champion13249, What  was  Chris  Smalling  doing  there  mufc  4-0 ,-2.17855052,53.42175123
94,rizalsetiyarta, Wazza  ngassits  smalling  mufc ,110.3668466,-7.8089982
94,patya18, Yeesss  Has  to  be  the  best  performance  of  the  season.  mufc ,-84.4052194,33.7878592
94,ffmick, 4-0..  Some  ball  from  kagawa  better  one  from  rooney  and  a  smalling  finish  no  wonder  siralex  is  smiling  in  the  crowd.  mufc ,-7.1382255,52.25467639
94,B3ND7, This  is  easily  Uniteds  best  performance  of  the  season  mufc ,-0.44820954,51.90486869
94,Tinginnit25, mufc  smashing  it  go  on  boys ,-2.9800846,53.4297976
94,chrisaj9, What  a  sexy  goal.  Rvp.  Carrick.  Who  strengthInDepth  mufc ,-1.9565359,52.546514
94,KooroshNoroozi, 4-0  get  it  This  is  what  happens  when  Kagawa  plays  in  the  hole...  mufc ,-0.04215253,51.41607341
95,74hopey, Destroying  Germanys  2nd  best  team  in  their  own  back  yard.  redarmy  mufc ,-2.42828172,53.61239419
95,DanGriff87, Flying  mun  mufc ,-4.17794283,51.68460268
95,williamlukeee, Now  Mr.  Moyes  do  you  realise  why  Kagawa  is  a  number  10  now  baller  mufc ,-4.69568085,54.21923653
95,fairs84, Looking  good  mufc ,1.2337317,51.92664367
95,scotthatley87, Why  cant  we  play  like  this  in  the  league  Our  two  best  performances  this  season  have  come  against  Leverkusen  canweplayyoueveryweek  mufc ,0.70752147,51.53570139
95,MylaporeMama, Brilliant  from  Rooney  4-0  loving  it  today.  mufc ,80.2680425,13.0283096
95,GSBLogan, Rooney  is  playing  so  sick  rooney  mufc ,0.18891148,51.83169868
95,JoeyJessop, Top  class  performance  from  United  tonight  mufc ,-85.79720537,38.15007665
95,Ricool7, The  world  is  coming  to  an  end.  Smalling  has  scored  mufc ,34.9972702,-15.7069891
95,sergiom, GOOOOOOAL  SMALLING  SMALLING  mufc  ucl ,-76.8507815,-12.2986969
95,MooreRonan, Rooney  with  another  fantastic  performance.  Kagawa  has  been  brilliant  too  needs  to  be  a  regular  starter  mufc ,-6.3696163,53.377872
95,Mawganp, SportHumour  Meanwhile  at  Anfield..  httpt.coeJONH4b0CUjustinsaino18  ChampionsLeague  mufc ,-1.7928321,51.0556943
95,eirikkalsaas, Kagawa  has  been  perfect  tonight  mufc  manutd  unitedno ,10.3984827,63.4089757
95,MrSupermayne, KagawaRooney  and  Giggs  have  been  amazing  today  mufc ,36.8807204,-1.3263798
95,masingasboniso, Goal  Smalling  Man  U  4-0  LEV  MasingaScore  UEFA  UCL  mufc  78min ,0,0
95,mattyrollinson, Typical  I  back  mufc  they  lose  I  back  against  mufc  they  win  joysofbetting ,-0.30704998,53.78726562
95,robaux, Best  performance  of  the  season  with  no  RVP  Carrick  or  Vidic.  Play  kagawa  in  the  middle  with  Rooney  up  top  amp  Jones  in  the  middle  mufc ,-0.39797113,51.36703153
95,barr33, About  time  we  gave  someone  a  serious  hiding  mufc  ucl ,-5.91725556,54.57596234
96,AkRunley, This  is  fucking  beautiful  mufc ,-0.4439346,51.8837659
96,TomSwindell22, I  expect  us  to  score  at  every  corner  its  like  last  season  all  over  again  lol  mufc ,-5.90417084,54.21363006
96,rohanmufc, Thats  the  United  we  like..Thats  how  we  roll..Thats  how  we  should  roolll  Unbeaten  at  home  for  blah  blah  games..say  what  UCL  mufc ,73.8052373,18.4860311
96,natalie17, DiscoMirror  MirrorFootball  moyes  finally  trust  kagawa  in  number  10  hopefully  we  see  more  of  this.  mufc ,-2.22089701,53.41629349
96,benwalkdawg, Oh  we  love  you  united  4-0  mufc ,-2.08476586,53.70519791
96,dafyddapllwyd, That  WAS  Room  201  leverkusen  mufc ,-3.20081,51.45242
96,Hapgood22, Great  performance  so  far  tonight  glad  to  have  jones  back  and  kagawa  looking  on  form  playing  in  the  hole  mufc ,-3.57977935,51.50487594
96,AshleeHiggins, Wow  utd  playin  unbelievable  Rooney  kagawa  mufc ,-1.48553195,52.91355658
96,2footshaft, Good  to  see  Tom  Daley  getting  a  run  out.  mufc ,-2.12300381,53.36901709
96,fairs84, Come  on  Anderson  mufc ,1.2337681,51.92664425
96,AmanDhesi, We  know  were  not  taking  it  seriously  anymore  when  we  have  brought  on  Anderson  and  Young  mufc ,-2.14318492,52.59897089
97,farahraidhan, 4-0  Fuckin  champions  baby  mufc  now  dats  what  im  talkin  about ,-122.29240982,37.83171603
97,smithunited, Well  played  WayneRooney  and  7AntoV  mufc ,72.835295,19.0824387
97,suzanne1245, 4-0  mufc  woohooo ,-6.42170384,54.7995917
97,ffcbytheriver, Has  someone  stuck  chewing  gum  to  the  back  of  Ashley  Youngs  head  and  not  told  him  mufc  ucl ,-0.01882637,51.78175635
97,ahaque94, 4  assists.  Brilliant  performance  from  Rooney  mufc ,-1.52718629,52.28331978
97,Sykesybabes, Moyes  effectively  mocking  Leverkusen  by  bring  on  Young  mufc ,-1.8569345,53.59254296
98,HalfwayCanadian, GOAAAAALLLLL  SMALLLING  mufc ,-122.68426881,45.50941369
98,Rdte09, GOAL  This  time  it  is  his  goal.  Smalling  scoring  mufc  s  4th.  Rooney  with  his  3rd  assist  of  the  game.  bbcfootball  SSN  manutd  GGMU ,79.9561404,23.1634127
98,TomJohnston94, This  is  the  performance  we  have  been  waiting  for.  mufc ,-3.20082286,55.94543014
98,brianmccallion7, Well  done  ManUtd  best  performance  of  the  season  so  far.  Kagawa  playing  a  brill  game  needs  to  keep  it  up  now  and  the  rest  of  the  team  mufc ,-7.32151801,55.02983737
98,AmanDhesi, Anderson  is  putting  Neymars  starting  position  with  Brazil  in  under  threat  mufc ,-2.14320486,52.59896255
99,mattjohnno82, This  is  a  quality  performance  from  the  boys...  Take  this  on  to  Sunday  and  it  should  be  3  points  mufc ,-2.08080074,53.49472243
99,Ricool7, Moyes  is  addicted  to  embarrassments.  He  has  brought  youngy18  on  mufc ,35.0501822,-15.7773219
100,FeZ14, How  the  fuck  did  he  miss  that  lol  facepalm  mufc ,26.2052437,-29.0902408
100,Mikec81united, anderson  bloody  hell  ran  the  length  of  the  pitch  mufc ,-0.34938479,51.58137587
100,IMzn23, Smalling  has  been  brilliant  tonight  ManUtd  mufc  SSFootball ,27.75203819,-26.16444215
101,chrisaj9, As  if  moyes  put  anderson  on  over  chico.  If  were  not  carefulll  hell  be  off  in  the  summer  mufc  littlePea ,-1.956607,52.5464613
102,tobylerino19, Best  showing  under  Moyes  for  me  although  Leverkusen  been  lifelesss  mufc ,-1.076963,53.9685249
102,theEmilem, 0-4  this  is  United  baby  mufc ,55.3695808,25.292521
102,EbrahimAlHaji, 3  assists  by  Rooney  today  mufc ,50.54822208,26.23385077
103,derekfortune, Anderson  is  such  a  journey  man.  No  effort  to  earn  a  place  at  all.  mufc ,-6.79237899,53.55393454
104,Ricool7, The  McDonalds  Ando  cant  shoot  mufc ,34.9972702,-15.7069891
104,kieranclarke2, What  a  result  for  Manu  moyes  showing  what  he  is  there  for  mufc ,-1.83871913,53.68168911
104,KhalidQarooni, mufc  to  the  next  round  manchesterunited  colmar  AFPA  de  Colmar  httpt.coFz2hD7jPfx ,7.36597347,48.0949173
104,CanaryAlec, Superb.  mufc ,-0.7310238,53.03250347
104,stephenwild15, Wow  mufc ,-2.1382204,53.3922013
104,RedPricey, That  is  late  90s  quality  Love  it  mufc ,-2.07998769,53.39656001
104,B3ND7, 5-0  away  from  home  in  Europe....Im  happy  with  that  mufc ,-0.44809555,51.90503292
105,BenGoodwin19, Everything  about  that  fifth  goal  was  pure  class  mufc ,-1.55748033,52.44010864
105,rcarpenter7, Wow....  Nani  mufc ,-88.1382026,42.029603
105,shanksy03, Outstanding  united  OUTSTANDING  mufc ,-6.20998625,54.617947
105,ariesnand, And  nani  too  Alhamdulillah..  What  a  pass  by  giggs  mufc ,114.5787498,-3.3194743
105,williamlukeee, Thatll  fucking  do  nnSorry  what  did  Souness  and  Carragher  say  about  Giggs  before  the  game  nnDAFT  CUNTS.  mufc ,-4.69549579,54.21918601
105,Ciaransworld, Nani  just  had  me  a  scorgasm  with  that  finish  mufc ,-0.1922313,51.69007269
105,smithunited, Fucking  hell.  What  a  finish.  5-0.  luisnani  ManUtd  mufc ,72.8353141,19.0824524
105,LGH94, Nani  take  a  bow  lad  mufc ,-2.09833536,53.57185778
105,GlenFultzz, Just  brilliant  mufc ,-1.18774354,52.91310429
105,Paulkiely11, What  a  finish  by  Nani  Leverkusen  are  getting  walloped  mufc ,-2.3263971,53.4954393
105,DerekMurphy, Goal  for  Nani.  Thats  the  only  thing  hes  done  all  night.  Well  taken  mufc ,-8.89912602,51.83878495
105,ffmick, A  bit  of  giggs  magic  and  a  rare  nani  goal.  5-0  mufc ,-7.13818026,52.25465129
105,AndyPacino, We  are  burning  mufc  United  Utd ,38.06153636,24.09483812
105,Simrat1990, Nani  you  beauty  fivestar  mufc ,81.0080428,26.8442324
105,scotthatley87, Well  this  is  just  ridiculous  now  mufc ,0.70753235,51.53573809
105,darraghfrawley, Great  goal  by  luisnani  mufc ,-8.56587971,52.64623959
105,Jfeath7, Average  pass  from  giggs  average  finish  from  nani  jackson  Average  all  round  really  ecl  mufc ,-1.84566775,53.86319321
105,Centronix, 39  yrs  363  days  and  still  produce  that  kinda  magic  giggsy.  Lovely  goal  that  mufc ,28.21376266,-26.05922197
105,DanGriff87, What  a  result.  mufc ,-4.17806983,51.68459445
105,leighmilko, Scoring  for  fun  mufc ,-2.55783795,51.40997703
105,Tlarbi7, 5-0  mufc ,0.0328259,51.5830317
106,abigrady, 5-0  what  a  game  mufc ,-2.91277962,53.3891013
106,ChrisThornley, About  time  united  put  a  good  performance  together  mufc ,-3.02757995,53.78332416
106,dafyddapllwyd, Giggs  has  been  playing  football  long  enough  to  be  able  to  pass  proper  mufc  leverkusen ,-3.20081,51.45242
106,NiyiOkuz, Todays  goals  are  not  as  good  as  their  assists  mufc ,3.3500123,6.4984016
106,AAAmmz, Good  goal  from  luisnani  gigs  has  been  superb  tonight.  Man  of  the  match  mufc  ChampionsLeague ,-1.86013423,52.45071455
106,Rheaney84, 5-0  away  from  home  in  the  champions  league  Too  god  damn  good  tonite  Kagawa  looking  good  in  number  10  role  Rooney  amazing  as  always  mufc ,-5.94628675,54.6685309
106,MFVillanews, Just  done  this  beckham  davidbeckham  england  v  Greece  phone  case.  God  I  was  smashed  that  day  twitter92  mufc  httpt.coBiEZCryJgc ,-1.82986319,52.54644308
106,MylaporeMama, That  through  ball  sums  up  ryan  giggs  evening.  Shows  what  we  have  been  lacking.  Thank  you  for  this  united.  mufc ,80.2680426,13.0283089
106,chrisrolls9, 5-0  mufc  calmdown ,-0.43047263,51.91543328
106,gilnaasingil, Oya  boys  e  don  do...  have  mercy...  mufc ,7.0353328,4.8686926
106,andycarter31, Yeah  of  course  Ryan  Giggs  is  too  old  Souness  you  mug  quality  mufc  legend ,-1.07413578,53.19380615
106,helloblondy, What  an  incredible  game  0-5  mufc ,-0.25217133,51.40188749
106,rachswann, Class  finish  that  mufc ,-2.50759712,53.56131634
106,b8sully, This  is  unreal  stuffeven  Wacko  is  getting  in  on  the  act..hehe  mufc ,-7.63932573,52.08571288
107,MrSupermayne, WTH  Wamefanya  DDG  achafue  kit  mufc ,36.8807204,-1.3263798
107,iLuthfur, anikaax  sky  sports  2  its  5-0  to  mufc  and  almost  finished ,-0.48237628,52.13629845
107,carlpurcell100, About  time  United  showed  the  class  we  are  a  custom  too  mufc ,-1.27274295,53.50395352
107,MW21, RT  StretfordEnders  Its  like  the  mufc  of  old  this ,108.4860649,-6.7223313
107,Ricool7, Whats  that  in  German  mufc ,35.0501822,-15.7773219
107,BobDolan7MUFC, Leverkusen  will  cause  all  sorts  of  problems  for  united  tonight  yeah  sure  they  will  Souness  you  clown.  mufc ,-0.44042808,51.90604088
107,MadsThyrsted, Five  Det  her  er  jo  vanvittigt  Come  on  David  Moyes  play  like  Fergie  boys  mufc  CHL  chldk  videreichl ,9.80490951,55.83185099
108,SaadHULKKhalid, What  a  performance  by  United  about  time  too  mufc ,-2.19512145,52.9957897
108,bhayat2, Demolition  mufc ,-1.0915197,52.6261145
108,farahraidhan, 5-0  baby  Now  dats  how  we  shud  play  all  the  time  mufc ,-122.29238951,37.83169304
108,RedPricey, Giggs  40  Outstanding  mufc ,-2.07996045,53.39657668
108,MarkHouston15, Absolute  vintage  united  performance  looked  good  all  over  the  pitch  shinji  was  at  the  heart  of  everythinglets  hope  this  is  the  start  mufc ,-2.89772845,53.19584548
108,mohdnazzreen, good  night  n  sweet  dream  dear  mufc  fans... ,103.7697151,1.4656927
109,Ricool7, Danke  mufc ,35.0501822,-15.7773219
109,2footshaft, Jonny  Evans  hasnt  had  this  much  space  since  he  was  accused  of  sexual  assault  mufc ,-2.12308126,53.36906997
109,andycarter31, And  the  nice  cheeky  little  icing  on  the  top  is  its  an  ex  scouse  bin  dipper  in  charge  of  Leverkusen  mufc ,-1.07423594,53.19389085
109,joesayles, Man  U  finally  looking  like  Man  U  this  season  Must  be  cos  siralex  is  in  the  ground  mufc  united  fregiefactor ,-4.11785217,50.37605056
109,MagicBeard87, 5-0  Without  Vidic  Carrick  and  RVP  Great  performance  all  round  In  too  the  next  round  mufc  ucl  quality ,-3.2948455,57.711582
109,arnavkalia99, Finally  over  the  the  disaster  of  2002.  What  a  performance.  Best  of  the  season.  Beautiful  football.  United  you  beauty  mufc ,77.1629167,28.6930692
109,kiki2401, Man  utd  5-0  now  thats  more  like  it  mufc ,-4.4522544,55.834556
109,webby19utd, What  a  finish  what  a  pass  what  a  performance  mufc  UCL  0-5.  Full  steam  ahead  to  white  heart  lane ,-3.02968084,53.82894693
110,MatejMalensek, Great  performance  tonight  ManUtd  Have  a  save  flight  home.  UCL  mufc ,14.4894046,46.0450236
110,mariomandagi, FT.  Leverkusen  0  -  5  Manchester  United  mufc ,124.8325697,1.3496884
110,ConorMcFerran14, Great  win  mufc ,-6.48837103,54.95905472
110,abmeko7, FT  Leverkusen  0-5  mufc  UCL ,38.7089178,9.051735
110,conorhynes90, Great  performance  from  united  tonight.  Leverkusen  were  also  very  poor.  Good  confidence  to  bring  into  Sundays  game  against  spurs.  mufc ,-6.4825592,53.3735184
110,TheLiamSearle, Not  used  to  winning  like  that  its  a  nice  feeling  mufc ,-2.1947364,51.8475564
111,DaveLudlam, Great  performance  tonight  reds  mufc  Giggs  gets  better  and  better  oldgenius ,-2.30340684,53.38969827
111,robaux, Biggest  ever  away  win  in  the  champions  league  mufc  says  it  all. ,-0.3978331,51.366843
111,MattVickery, Outstanding  performance  from  United  tonight  and  our  biggest  European  away  win.  mufc ,-4.155126,50.36863888
111,Jamesneale28, Giggsy  was  immense  mufc ,-2.494807,53.5242299
111,MurderousGeko, Best  performance  of  the  season  well  done  boys  Giggs  kagawa  Rooney  Valencia  brilliant  bring  on  Sunday  mufc ,-1.94953592,52.68530124
111,Dirghayu08, Fucking  brilliant  mufc ,145.049523,-37.7465924
111,rizalsetiyarta, FT  5-0  uniteday  mufc ,110.3668466,-7.8089982
111,amjsutherland, Solid  performance  from  mufc  away  in  Leverkusen  tonight.  Hard  to  believe  Bayer  are  second  in  the  Bundesliga. ,-1.11681225,53.69828759
111,sharpie118, Great  win  in  champions  league  mufc ,-2.28255878,53.37902809
111,135mitchell, Absolutely  class  performance  from  tge  lads  tonight.  Hope  we  keep  that  form  up  Everyone  had  a  awesome  game  mufc  bringonspurs ,-1.5188659,52.7470182
111,FRmdhn, Yaa  lolos  fase  knockout  mufc ,106.8681476,-6.1633708
111,rgg1975, That  was  an  outstanding  performance  tonight  that  win  was  for  Bill  Foulkes  busbybabe  mufc ,-2.06743011,52.52193307
111,AlanNewboob, Best  performance  Ive  seen  from  united  this  season  so  far  we  just  need  to  perform  like  that  in  the  premiership  Loads  of  confidence  mufc ,-2.13464674,52.7900999
111,WGee, Oya  somebody  should  tell  me  nonsense  about  my  team  naw  Anybody  mufc ,-0.1232169,5.8047581
