timeslot	wordle
26	 valencia,goal,ucl,kagawa,leverkusen,rooney,bayer,giggs 
27	 valencia,leverkusen,bayer,kagawa,ucl,goal,giggs,rooney 
28	 valencia,goal,leverkusen,ucl,bayer,antonio,kagawa,redarmy 
29	 manchester,valencia,giggs,goal,leverkusen,bayer,kagawa,ryan 
30	 giggs,goal,leverkusen,chaskaborek,bayer,rooney,ryan,valencia 
31	 rooney,goal,leverkusen,bayer,ucl,get,delivery,ball 
32	 goal,rooney,leverkusen,ucl,bayer,kagawa,delivery,ggmu 
33	 goal,rooney,kagawa,leverkusen,bayer,ucl,ggmu,player 
34	 rooney,goal,kagawa,leverkusen,bayer,ucl,ggmu,man 
35	 goal,kagawa,rooney,leverkusen,city,ucl,ggmu,wayne 
36	 goal,kagawa,rooney,city,leverkusen,ucl,bayer,utd 
37	 goal,rooney,ucl,city,kagawa,leverkusen,bayer,world 
38	 manchester,goal,rooney,ucl,leverkusen,kagawa,city,aguero,bayer 
39	 rooney,ucl,goal,leverkusen,kagawa,city,wayne,freekick 
40	 manchester,aguero,sergio,goals,games,city.,competitions,potent,twelve,optajoe 
41	 manchester,ucl,aguero,sergio,rooney,goals,games,bueyb_mufc,optajoe 
42	 aguero,sergio,goals,competitions,games,twelve,city.,potent 
43	 nani,goal,leverkusen,goals,rooney,aguero,giggs,sergio 
44	 rooney,manchester,seconds.,superb.,yards,henrywinter,giggs,nani,ucl 
45	 rooney,manchester,henrywinter,seconds.,superb.,yards,chaskaborek,giggs,manutd 
46	 manchester,rooney,city,kagawa,ucl,henrywinter,seconds.,superb.,yards
47	 half,rooney,leverkusen,ucl,time,bayer,giggs
48	 half,leverkusen,bayer,time,ucl,kagawa,valencia
49	 manchester,half,leverkusen,time,rooney,bayer,ucl,kagawa 
50	 manchester,half,leverkusen,ucl,bayer,time,kagawa,city 
51	 manchester,half,rooney,kagawa,leverkusen,bayer,moyes,giggs 
52	 manchester,half,kagawa,time,leverkusen,bayer,rooney,moyes 
53	 manchester,half,rooney,leverkusen,bayer,ucl,kagawa,time,bueyb_mufc 
54	 manchester,rooney,valencia,goal,goals,kagawa,ucl,champions,city 
55	 manchester,rooney,half,goals,ucl,champions,valencia,leverkusen 
56	 manchester,rooney,goals,season,wayne,assists,champions,league,premier 
57	 manchester,rooney,kagawa,munitedgirl,valencia,team,goal,ucl,half 
58	 manchester,rooney,valencia,ucl,goal,goals,champions,half,bayer 
59	 manchester,rooney,goals,ucl,valencia,half,leverkusen,munitedgirl,moyes 
60	 manchester,chaskaborek,rooney,manutd,half,ucl,amp,bayer,giggs 
61	 manchester,kagawa,munitedgirl,giggs,shinji,ucl,half,leverkusen,bueyb_mufc 
62	 manchester,leverkusen,half,ucl,bayer,kagawa,kick,man,manutd 
63	 manchester,half,ucl,leverkusen,bayer,fans,ggmu,tonight,germany 
64	 half,bayer,valencia,munitedgirl,leverkusen,ucl,goal,kagawa 
65	 manchester,champions,valencia,rooney,ucl,half,kagawa,tonight,goal 
66	 manchester,kagawa,champions,munitedgirl,team,ucl,giggs,leverkusen,boss 
67	 kagawa,giggs,leverkusen,ucl,tonight,valencia,bayer,team 
68	 manchester,tonight,giggs,stadium,bayer,leverkusen,amp,bueyb_mufc,ggmu 
69	 giggs,kagawa,ryan,na,valencia,come,cup,game 
70	 giggs,valencia,bayer,kagawa,rooney,antonio,game,leverkusen 
71	 giggs,ryan,rooney,team,fans,kagawa,munitedgirl,amp 
72	 kagawa,game,leverkusen,rooney,giggs,valencia,fans,munitedgirl 
73	 leverkusen,fans,bayer,valencia,giggs,glory,city,game 
74	 fans,man,legend,songs,now__football,city,team,valencia 
75	 manchester,fans,man,chaskaborek,legend,songs,now__football,manutd,nani,waynerooney 
76	 fans,ronaldo,name,cristiano,footballfunnys,mufc,man,nani,songs,legend 
77	 fans,ronaldo,cristiano,name,footballfunnys,mufc,man,legend,songs 
78	 "fans,ronaldo,cristiano,name,footballfunnys,mufc,leverkusen,match,ballon,""dor""" 
79	 fans,mufc,ronaldo,cristiano,footballfunnys,name,leverkusen,match,viva,ballon 
80	 fans,ronaldo,rooney,leverkusen,cristiano,footballfunnys,name,match,ballon 
81	 mufc,fans,ronaldo,cristiano,name,vivaronaldo,footy_jokes,leverkusen,footballfunnys 
82	 evans,fans,ronaldo,cristiano,name,footy_jokes,vivaronaldo,game,leverkusen 
83	 evans,fans,ronaldo,game,leverkusen,goal,name,cristiano,ucl 
84	 manchester,evans,fans,ronaldo,leverkusen,ucl,goal,name,cristiano,game 
85	 fans,ronaldo,evans,goal,leverkusen,gt,cristiano,game,name 
86	 manchester,fans,ronaldo,evans,buttner,evra,leverkusen,name,cristiano,ucl 
87	 "manchester,fans,ronaldo,ucl,buttner,evans,evra,leverkusen,""viva""" 
88	 city,fans,ronaldo,ucl,plzen,name,cristiano,evans,goal 
89	 mufc,fans,ronaldo,cristiano,name,city,leverkusen,evans,goal 
90	 mufc,ucl,fans,city,ronaldo,championsleague,manchester.,equaliser,mcfc. 
91	 manchester,fans,ucl,city,championsleague,equaliser,manchester.,mcfc.,goal 
92	 "manchester,fans,ronaldo,ballon,""dor"",rmadridinfo,germany,ucl,city" 
93	 "manchester,fans,ronaldo,ballon,""dor"",germany,rmadridinfo,goal,cristiano" 
94	 goal,rooney,kagawa,ucl,leverkusen,performance,fans,ronaldo,chris 
95	 rooney,kagawa,goal,leverkusen,performance,ucl,tonight,ggmu,fans 
96	 manchester,rooney,kagawa,ucl,leverkusen,goal,performance,fans,bayer 
97	 manchester,rooney,kagawa,anderson,ucl,leverkusen,moyes,goal,performance 
98	 manchester,rooney,city,anderson,ucl,goal,kagawa,leverkusen,performance 
99	 manchester,city,kagawa,ucl,rooney,leverkusen,moyes,fans,goal 
100	 manchester,anderson,rooney,kagawa,city,goal,leverkusen,ucl,performance 
101	 manchester,anderson,kagawa,rooney,ucl,fans,goal,moyes,team 
102	 manchester,rooney,anderson,ucl,fans,kagawa,man,ggmu,leverkusen 
103	 manchester,goals,champions,side,english,germany.,optajoe,pioneers,rooney 
104	 manchester,champions,goals,side,english,germany.,pioneers,optajoe,nani 
105	 manchester,goal,giggs,leverkusen,ucl,bayer,goals,gt,finish 
106	 nani,manchester,giggs,goal,performance,goals,leverkusen,champions,man,side 
107	 manchester,nani,giggs,performance,ucl,leverkusen,champions,goal,goals 
108	 manchester,champions,performance,goals,side,english,germany.,optajoe,nani,pioneers 
109	 manchester,nani,performance,champions,giggs,goals,ucl,side,germany. 
110	 leverkusen,performance,man,time,ucl,glory,bayer,giggs,ggmu 
111	 leverkusen,performance,bayer,glory,win,ft,ggmu,manutd,champions 
